"","X","id","studentID","groupID","v1label","v1value","v2label","v2value","v3label","v3value","numShapes","matchingScheme","requestedTime","timeUsed","timerDisplay","numErrors","shapesMatched","proximityValue","timestamp","TimeUsedSec","gender"
"1",347,5126,"j776","hj190f14","gender","F","class","Sr","sleep","7",24,"shape",0,51116,1,0,24,54,"2014-09-03 11:34:15",51.116,0
"2",356,5118,"123e","hj190f14","Gender","M","Class","S","Sleep","6",24,"shape",0,54484,1,1,24,54,"2014-09-03 11:33:39",54.484,1
"3",361,5108,"123e","hj190f14","Gender","M","Class","S","Sleep","6",24,"shape",0,62403,1,1,24,54,"2014-09-03 11:32:33",62.403,1
"4",365,5099,"123s","hj190f14","gender","f","class","s","sleep","8",24,"shape",0,48580,1,1,24,54,"2014-09-03 11:18:14",48.58,0
"5",369,5095,"123s","hj190f14","gender","fm","class","fsjsr","sleep","8",24,"shape",0,42517,1,0,24,54,"2014-09-03 11:17:09",42.517,0
"6",18,32927,"86192","MA376C1","Gender","M",NA,NA,NA,NA,21,"diffColor",0,48053,1,0,21,54,"2016-09-15 10:22:39",48.053,1
"7",19,32926,"x86175","MA376C1","Gender","M",NA,NA,NA,NA,21,"shape",0,40891,1,0,21,54,"2016-09-15 10:22:31",40.891,1
"8",20,32925,"x81518","MA376C1","Gender","M",NA,NA,NA,NA,21,"diffColor",0,47339,1,0,21,54,"2016-09-15 10:22:29",47.339,1
"9",21,32924,"inst
x85892","MA376C1","Gender","M",NA,NA,NA,NA,21,"diffColor",0,34862,1,1,21,54,"2016-09-15 10:22:15",34.862,1
"10",22,32923,"inst
x86317","MA376C1","Gender","F",NA,NA,NA,NA,21,"shape",0,35191,1,0,21,54,"2016-09-15 10:21:01",35.191,0
"11",24,32920,"x85821","MA376C1","GENDER","F",NA,NA,NA,NA,21,"diffColor",0,51561,1,3,21,54,"2016-09-15 10:20:10",51.561,0
"12",25,32918,"x86617","MA376C1","Gender","F",NA,NA,NA,NA,21,"shape",0,43910,1,3,21,54,"2016-09-15 10:20:03",43.91,0
"13",26,32917,"x85659","MA376C1","GENDER","M",NA,NA,NA,NA,21,"shape",0,56014,1,0,21,54,"2016-09-15 10:20:02",56.014,1
"14",27,32916,"x87006","MA376C1","Gender","M",NA,NA,NA,NA,21,"diffColor",0,62722,1,0,21,54,"2016-09-15 10:19:56",62.722,1
"15",28,32915,"inst","MA376C1","Gender","M",NA,NA,NA,NA,21,"shape",0,34759,1,0,21,54,"2016-09-15 10:19:43",34.759,1
"16",29,32914,"x85267","MA376C1","Gender","Male",NA,NA,NA,NA,24,"diffColor",0,59826,1,2,24,54,"2016-09-15 10:19:05",59.826,1
"17",30,32912,"x86324","MA376C1","Gender","F",NA,NA,NA,NA,21,"shape",0,64356,1,0,21,54,"2016-09-15 10:18:47",64.356,0
"18",625,1791,"CharlieFoxtrot
R","msp2013","gender","M","Age",NA,NA,NA,21,"shape",0,52277,1,0,21,54,"2013-06-14 13:20:40",52.277,1
"19",632,1784,"TT","msp2013","gender","m","",NA,NA,NA,21,"diffColor",0,80738,1,0,21,54,"2013-06-14 13:18:08",80.738,1
"20",640,1778,"TY","msp2013","Gender","F","",NA,NA,NA,21,"diffColor",0,74952,1,15,21,54,"2013-06-14 13:17:42",74.952,0
"21",647,1769,"dr","msp2013","Gender","F","Age",NA,NA,NA,21,"diffColor",0,41166,1,0,21,54,"2013-06-14 13:17:23",41.166,0
"22",653,1763,"AH","msp2013","GENDER","F","",NA,NA,NA,21,"diffColor",0,88693,1,2,21,54,"2013-06-14 13:15:32",88.693,0
"23",656,1760,"sj","msp2013","Gender","m","",NA,NA,NA,21,"diffColor",0,72874,1,2,21,54,"2013-06-14 13:08:13",72.874,1
"24",663,1753,"TY","msp2013","Gender","F","",NA,NA,NA,21,"shape",0,93888,1,19,21,54,"2013-06-14 12:29:27",93.888,0
"25",665,1751,"AH","msp2013","GENDER","F","",NA,NA,NA,21,"shape",0,79302,1,0,21,54,"2013-06-14 12:29:13",79.302,0
"26",668,1748,"CharlieFoxtrot
R","msp2013","gender","M","Age",NA,NA,NA,21,"shape",0,55415,1,1,21,54,"2013-06-14 12:29:10",55.415,1
"27",670,1745,"TT","msp2013","gender","m","",NA,NA,NA,21,"shape",0,66989,1,0,21,54,"2013-06-14 12:28:58",66.989,1
"28",671,1746,"sj","msp2013","Gender","m","",NA,NA,NA,21,"shape",0,60881,1,1,21,54,"2013-06-14 12:28:58",60.881,1
"29",674,1741,"dr","msp2013","Gender","F","Age",NA,NA,NA,21,"shape",0,45431,1,0,21,54,"2013-06-14 12:28:53",45.431,0
"30",694,1705,"statcat","msp2013","gender","M","",NA,NA,NA,21,"shape",0,53308,1,1,21,54,"2013-06-14 12:21:47",53.308,1
"31",697,1693,"statcat","msp2013","gender","M","",NA,NA,NA,21,"shape",0,65364,1,0,21,54,"2013-06-14 12:20:46",65.364,1
"32",706,1659,"statcat","msp2013","gender","M","",NA,NA,NA,21,"shape",0,75081,1,1,21,54,"2013-06-14 12:18:26",75.081,1
"33",1,33015,"x87018","MA376I3","Gender","M",NA,NA,NA,NA,21,"diffColor",0,47975,1,0,21,54,"2016-09-16 10:28:43",47.975,1
"34",2,33014,"x87018","MA376I3","Gender","M",NA,NA,NA,NA,21,"shape",0,44551,1,0,21,54,"2016-09-16 10:27:51",44.551,1
"35",4,33009,"x86176","MA376I3","Gender","M",NA,NA,NA,NA,24,"diffColor",0,65131,1,2,24,54,"2016-09-16 10:27:03",65.131,1
"36",5,33008,"X85856","MA376I3","Male","",NA,NA,NA,NA,21,"diffColor",0,52762,1,0,21,54,"2016-09-16 10:27:02",52.762,1
"37",8,32999,"X85856","MA376I3","Male","",NA,NA,NA,NA,21,"shape",0,52070,1,0,21,54,"2016-09-16 10:25:57",52.07,1
"38",9,32998,"XXXXX","MA376I3","Gender","F",NA,NA,NA,NA,21,"diffColor",0,50002,1,1,21,54,"2016-09-16 10:25:56",50.002,0
"39",10,32996,"xxxxx","MA376I3","Gender","M",NA,NA,NA,NA,21,"diffColor",0,49031,1,2,21,54,"2016-09-16 10:25:39",49.031,1
"40",11,32992,"x86176","MA376I3","Gender","M",NA,NA,NA,NA,24,"shape",0,47362,1,0,24,54,"2016-09-16 10:25:22",47.362,1
"41",13,32986,"XXXXX","MA376I3","Gender","F",NA,NA,NA,NA,21,"shape",0,52121,1,0,21,54,"2016-09-16 10:24:40",52.121,0
"42",14,32987,"xxxxx","MA376I3","Gender","M",NA,NA,NA,NA,21,"shape",0,46966,1,2,21,54,"2016-09-16 10:24:40",46.966,1
"43",15,32979,"xxxxx","MA376I3","Gender","M",NA,NA,NA,NA,21,"diffColor",0,43218,1,0,21,54,"2016-09-16 09:06:29",43.218,1
"44",16,32978,"xxxxx","MA376I3","Gender","M",NA,NA,NA,NA,21,"shape",0,40688,1,1,21,54,"2016-09-16 09:05:23",40.688,1
"45",167,13845,"378108","MAT336S15","Gender","F",NA,NA,NA,NA,24,"diffColor",0,43972,1,0,24,54,"2015-04-29 15:29:22",43.972,0
"46",168,13844,"KUMNSTAY
dajiba","MAT336S15","Gender","M",NA,NA,NA,NA,24,"optionColor",0,47893,1,14,24,54,"2015-04-29 15:28:57",47.893,1
"47",169,13842,"111","MAT336S15","Gender","F",NA,NA,NA,NA,24,"both",0,29815,1,0,24,54,"2015-04-29 15:28:34",29.815,0
"48",170,13843,"378108","MAT336S15","Gender","F",NA,NA,NA,NA,24,"shape",0,34972,1,0,24,54,"2015-04-29 15:28:34",34.972,0
"49",171,13841,"gandu","MAT336S15","Gender","M",NA,NA,NA,NA,24,"shape",0,46198,1,2,24,54,"2015-04-29 15:28:07",46.198,1
"50",172,13840,"KUMNSTAY
dajiba","MAT336S15","Gender","M",NA,NA,NA,NA,24,"both",0,51659,1,14,24,54,"2015-04-29 15:28:03",51.659,1
"51",173,13839,"111","MAT336S15","Gender","F",NA,NA,NA,NA,24,"shape",0,43735,1,2,24,54,"2015-04-29 15:27:50",43.735,0
"52",174,13838,"378108","MAT336S15","Gender","F",NA,NA,NA,NA,24,"both",0,31798,1,0,24,54,"2015-04-29 15:27:36",31.798,0
"53",175,13837,"IAMGANDALF","MAT336S15","Gender","M",NA,NA,NA,NA,24,"both",0,38429,1,1,24,54,"2015-04-29 15:27:23",38.429,1
"54",176,13836,"gandu","MAT336S15","Gender","M",NA,NA,NA,NA,24,"optionColor",0,36931,1,0,24,54,"2015-04-29 15:27:14",36.931,1
"55",177,13835,"KUMNSTAY
dajiba","MAT336S15","Gender","M",NA,NA,NA,NA,24,"diffColor",0,68961,1,5,24,54,"2015-04-29 15:27:04",68.961,1
"56",178,13834,"q","MAT336S15","Gender","F",NA,NA,NA,NA,24,"diffColor",0,54847,1,1,24,54,"2015-04-29 15:26:56",54.847,0
"57",179,13833,"378108","MAT336S15","Gender","F",NA,NA,NA,NA,24,"optionColor",0,36044,1,2,24,54,"2015-04-29 15:26:48",36.044,0
"58",180,13832,"111","MAT336S15","Gender","F",NA,NA,NA,NA,24,"optionColor",0,33956,1,0,24,54,"2015-04-29 15:26:47",33.956,0
"59",181,13831,"TomBrady","MAT336S15","Gender","Male",NA,NA,NA,NA,24,"shape",0,35785,1,0,24,54,"2015-04-29 15:26:45",35.785,1
"60",182,13830,"IAMGANDALF","MAT336S15","Gender","M",NA,NA,NA,NA,24,"shape",0,36021,1,0,24,54,"2015-04-29 15:26:39",36.021,1
"61",183,13829,"gandu","MAT336S15","Gender","M",NA,NA,NA,NA,24,"diffColor",0,49997,1,3,24,54,"2015-04-29 15:26:31",49.997,1
"62",184,13828,"311252","MAT336S15","Gender","M",NA,NA,NA,NA,24,"optionColor",0,38679,1,1,24,54,"2015-04-29 15:26:08",38.679,1
"63",185,13827,"TomBrady","MAT336S15","Gender","Male",NA,NA,NA,NA,24,"shape",0,37938,1,0,24,54,"2015-04-29 15:26:06",37.938,1
"64",186,13826,"q","MAT336S15","Gender","F",NA,NA,NA,NA,24,"both",0,37061,1,0,24,54,"2015-04-29 15:25:55",37.061,0
"65",187,13825,"111","MAT336S15","Gender","F",NA,NA,NA,NA,24,"diffColor",0,58482,1,3,24,54,"2015-04-29 15:25:53",58.482,0
"66",188,13824,"IAMGANDALF","MAT336S15","Gender","M",NA,NA,NA,NA,24,"optionColor",0,35837,1,0,24,54,"2015-04-29 15:25:52",35.837,1
"67",189,13823,"KUMNSTAY
dajiba","MAT336S15","Gender","M",NA,NA,NA,NA,24,"shape",0,53942,1,1,24,54,"2015-04-29 15:25:41",53.942,1
"68",190,13822,"gandu","MAT336S15","Gender","M",NA,NA,NA,NA,24,"both",0,39138,1,0,24,54,"2015-04-29 15:25:26",39.138,1
"69",191,13821,"TomBrady","MAT336S15","Gender","Male",NA,NA,NA,NA,24,"shape",0,37790,1,1,24,54,"2015-04-29 15:25:23",37.79,1
"70",192,13820,"311252","MAT336S15","Gender","M",NA,NA,NA,NA,24,"both",0,35052,1,0,24,54,"2015-04-29 15:25:11",35.052,1
"71",193,13819,"q","MAT336S15","Gender","F",NA,NA,NA,NA,24,"optionColor",0,38296,1,1,24,54,"2015-04-29 15:25:00",38.296,0
"72",194,13818,"IAMGANDALF","MAT336S15","Gender","M",NA,NA,NA,NA,24,"diffColor",0,44247,1,1,24,54,"2015-04-29 15:24:51",44.247,1
"73",195,13817,"TomBrady","MAT336S15","Gender","Male",NA,NA,NA,NA,24,"shape",0,39934,1,1,24,54,"2015-04-29 15:24:28",39.934,1
"74",196,13816,"311252","MAT336S15","Gender","M",NA,NA,NA,NA,24,"diffColor",0,45196,1,0,24,54,"2015-04-29 15:24:22",45.196,1
"75",197,13815,"flowers","MAT336S15","Gender","F",NA,NA,NA,NA,24,"optionColor",0,29206,1,2,24,54,"2015-04-29 15:24:09",29.206,0
"76",198,13814,"q","MAT336S15","Gender","F",NA,NA,NA,NA,24,"shape",0,50477,1,1,24,54,"2015-04-29 15:24:03",50.477,0
"77",199,13813,"flowers","MAT336S15","Gender","F",NA,NA,NA,NA,24,"both",0,38642,1,1,24,54,"2015-04-29 15:23:35",38.642,0
"78",200,13812,"311252","MAT336S15","Gender","M",NA,NA,NA,NA,24,"shape",0,39363,1,0,24,54,"2015-04-29 15:23:24",39.363,1
"79",201,13811,"flowers","MAT336S15","Gender","F",NA,NA,NA,NA,24,"diffColor",0,34972,1,0,24,54,"2015-04-29 15:22:51",34.972,0
"80",202,13810,"flowers","MAT336S15","Gender","F",NA,NA,NA,NA,24,"shape",0,34919,1,2,24,54,"2015-04-29 15:22:03",34.919,0
"81",32,32910,"x86145","MA376B1","Gender","M",NA,NA,NA,NA,21,"diffColor",0,46716,1,0,21,54,"2016-09-15 09:28:47",46.716,1
"82",33,32909,"x86145","MA376B1","Gender","M",NA,NA,NA,NA,21,"diffColor",0,52439,1,0,21,54,"2016-09-15 09:27:45",52.439,1
"83",34,32908,"x94299","MA376B1","Gender","F",NA,NA,NA,NA,21,"diffColor",0,55276,1,0,21,54,"2016-09-15 09:26:39",55.276,0
"84",35,32907,"x94299","MA376B1","Gender","F",NA,NA,NA,NA,21,"diffColor",0,47336,1,3,21,54,"2016-09-15 09:23:45",47.336,0
"85",36,32906,"x86145","MA376B1","Gender","M",NA,NA,NA,NA,21,"diffColor",0,53019,1,0,21,54,"2016-09-15 09:23:09",53.019,1
"86",37,32905,"x86658","MA376B1","Gender","F",NA,NA,NA,NA,21,"shape",0,56753,1,0,21,54,"2016-09-15 09:22:54",56.753,0
"87",38,32904,"x86145","MA376B1","Gender","M",NA,NA,NA,NA,21,"diffColor",0,51381,1,0,21,54,"2016-09-15 09:22:03",51.381,1
"88",39,32903,"x86263","MA376B1","Gender","M",NA,NA,NA,NA,21,"shape",0,87625,1,1,21,54,"2016-09-15 09:11:54",87.625,1
"89",40,32902,"x85831","MA376B1","Gender","M",NA,NA,NA,NA,21,"diffColor",0,79997,1,2,21,54,"2016-09-15 09:11:52",79.997,1
"90",41,32901,"x94299","MA376B1","Gender","F",NA,NA,NA,NA,21,"diffColor",0,49265,1,0,21,54,"2016-09-15 09:11:51",49.265,0
"91",42,32900,"84758","MA376B1","Gender","M",NA,NA,NA,NA,21,"diffColor",0,64240,1,3,21,54,"2016-09-15 09:11:38",64.24,1
"92",43,32899,"x86667","MA376B1","Gender","F",NA,NA,NA,NA,21,"shape",0,48791,1,0,21,54,"2016-09-15 09:11:37",48.791,0
"93",44,32898,"x86145","MA376B1","Gender","M",NA,NA,NA,NA,21,"diffColor",0,63027,1,1,21,54,"2016-09-15 09:11:34",63.027,1
"94",45,32897,"X7589","MA376B1","GENDER","M",NA,NA,NA,NA,21,"shape",0,65831,1,1,21,54,"2016-09-15 09:11:32",65.831,1
"95",46,32896,"x85988","MA376B1","Gender","M",NA,NA,NA,NA,21,"shape",0,53265,1,0,21,54,"2016-09-15 09:11:31",53.265,1
"96",47,32894,"x86658","MA376B1","Gender","M",NA,NA,NA,NA,21,"shape",0,56920,1,2,21,54,"2016-09-15 09:11:26",56.92,1
"97",48,32895,"x86805","MA376B1","Gender","M",NA,NA,NA,NA,21,"shape",0,57237,1,4,21,54,"2016-09-15 09:11:26",57.237,1
"98",50,32893,"x86357","MA376B1","Gender","M",NA,NA,NA,NA,21,"diffColor",0,56832,1,2,21,54,"2016-09-15 09:11:23",56.832,1
"99",51,32890,"86151","MA376B1","Gender","F",NA,NA,NA,NA,21,"diffColor",0,45048,1,0,21,54,"2016-09-15 09:11:13",45.048,0
"100",52,32891,"inst","MA376B1","Gender","M",NA,NA,NA,NA,21,"diffColor",0,45867,1,1,21,54,"2016-09-15 09:11:13",45.867,1
"101",53,32889,"x86158","MA376B1","Gender","F",NA,NA,NA,NA,21,"diffColor",0,41561,1,0,21,54,"2016-09-15 09:11:09",41.561,0
"102",54,32888,"x86067","MA376B1","Gender","M",NA,NA,NA,NA,21,"shape",0,39619,1,1,21,54,"2016-09-15 09:11:07",39.619,1
"103",408,5003,"2014220","MATH22015","Gender","M",NA,NA,NA,NA,15,"diffColor",0,23705,1,0,15,54,"2014-08-29 13:03:29",23.705,1
"104",409,5000,"98","MATH22015","Gender:","M",NA,NA,NA,NA,15,"shape",0,29542,1,2,15,54,"2014-08-29 13:03:08",29.542,1
"105",410,4998,"98","MATH22015","Gender:","M",NA,NA,NA,NA,15,"shape",0,31245,1,4,15,54,"2014-08-29 13:02:34",31.245,1
"106",411,4996,"123456789","MATH22015","Gender","F",NA,NA,NA,NA,15,"shape",0,36229,1,1,15,54,"2014-08-29 13:00:48",36.229,0
"107",412,4995,"123456789","MATH22015","Gender","F",NA,NA,NA,NA,15,"shape",0,21646,1,0,15,54,"2014-08-29 13:00:02",21.646,0
"108",413,4994,"5230053","MATH22015","Gender","M",NA,NA,NA,NA,15,"shape",0,20657,1,0,15,54,"2014-08-29 12:56:28",20.657,1
"109",414,4992,"5025","MATH22015","Gender","Male",NA,NA,NA,NA,15,"shape",0,29102,1,2,15,54,"2014-08-29 12:56:06",29.102,1
"110",415,4993,"765378","MATH22015","Gender","F",NA,NA,NA,NA,15,"shape",0,32117,1,1,15,54,"2014-08-29 12:56:06",32.117,0
"111",416,4989,"17","MATH22015","Gender","F",NA,NA,NA,NA,15,"shape",0,27249,1,1,15,54,"2014-08-29 12:56:05",27.249,0
"112",417,4990,"45687","MATH22015","Gender","F",NA,NA,NA,NA,15,"diffColor",0,30276,1,0,15,54,"2014-08-29 12:56:05",30.276,0
"113",418,4991,"051095","MATH22015","Gender","F",NA,NA,NA,NA,15,"diffColor",0,33171,1,4,15,54,"2014-08-29 12:56:05",33.171,0
"114",419,4987,"1854512","MATH22015","Gender","F",NA,NA,NA,NA,15,"diffColor",0,31190,1,0,15,54,"2014-08-29 12:56:04",31.19,0
"115",420,4988,"2014220","MATH22015","Gender","M",NA,NA,NA,NA,15,"diffColor",0,30141,1,1,15,54,"2014-08-29 12:56:04",30.141,1
"116",421,4985,"5152","MATH22015","Gender","F",NA,NA,NA,NA,15,"diffColor",0,27632,1,0,15,54,"2014-08-29 12:56:03",27.632,0
"117",422,4986,"123456","MATH22015","Gender","female",NA,NA,NA,NA,15,"diffColor",0,28746,1,0,15,54,"2014-08-29 12:56:03",28.746,0
"118",423,4982,"25698","MATH22015","Gender","Female",NA,NA,NA,NA,15,"shape",0,26840,1,0,15,54,"2014-08-29 12:56:02",26.84,0
"119",424,4983,"12345","MATH22015","Gender","F",NA,NA,NA,NA,15,"diffColor",0,27206,1,0,15,54,"2014-08-29 12:56:02",27.206,0
"120",425,4984,"56565","MATH22015","Gender","Female",NA,NA,NA,NA,15,"shape",0,35046,1,1,15,54,"2014-08-29 12:56:02",35.046,0
"121",426,4981,"1337","MATH22015","Gender","M",NA,NA,NA,NA,15,"diffColor",0,26102,1,0,15,54,"2014-08-29 12:56:01",26.102,1
"122",427,4979,"23","MATH22015","Gender","M",NA,NA,NA,NA,15,"shape",0,25110,1,0,15,54,"2014-08-29 12:56:00",25.11,1
"123",428,4980,"129834","MATH22015","Gender","M",NA,NA,NA,NA,15,"diffColor",0,24998,1,0,15,54,"2014-08-29 12:56:00",24.998,1
"124",429,4973,"06231994","MATH22015","Gender","M",NA,NA,NA,NA,15,"shape",0,25422,1,0,15,54,"2014-08-29 12:55:59",25.422,1
"125",430,4974,"98","MATH22015","Gender:","M",NA,NA,NA,NA,15,"shape",0,26918,1,1,15,54,"2014-08-29 12:55:59",26.918,1
"126",431,4975,"BlueSmurf","MATH22015","Gender","F",NA,NA,NA,NA,15,"shape",0,22935,1,1,15,54,"2014-08-29 12:55:59",22.935,0
"127",432,4976,"786543","MATH22015","Gender","F",NA,NA,NA,NA,15,"diffColor",0,22813,1,0,15,54,"2014-08-29 12:55:59",22.813,0
"128",433,4977,"10320","MATH22015","Gender","M",NA,NA,NA,NA,15,"diffColor",0,26678,1,0,15,54,"2014-08-29 12:55:59",26.678,1
"129",434,4978,"9027","MATH22015","Gender","M",NA,NA,NA,NA,15,"diffColor",0,23576,1,0,15,54,"2014-08-29 12:55:59",23.576,1
"130",435,4969,"001010110","MATH22015","Gender","M",NA,NA,NA,NA,15,"shape",0,23950,1,1,15,54,"2014-08-29 12:55:58",23.95,1
"131",436,4970,"542574","MATH22015","Gender","F",NA,NA,NA,NA,15,"diffColor",0,24960,1,0,15,54,"2014-08-29 12:55:58",24.96,0
"132",437,4971,"23761","MATH22015","Gender","F",NA,NA,NA,NA,15,"shape",0,25274,1,0,15,54,"2014-08-29 12:55:58",25.274,0
"133",438,4972,"2039","MATH22015","Gender","M",NA,NA,NA,NA,15,"diffColor",0,23548,1,0,15,54,"2014-08-29 12:55:58",23.548,1
"134",439,4966,"800857734","MATH22015","Gender","Male",NA,NA,NA,NA,15,"shape",0,21002,1,1,15,54,"2014-08-29 12:55:57",21.002,1
"135",440,4967,"5168","MATH22015","Gender","F",NA,NA,NA,NA,15,"diffColor",0,23800,1,1,15,54,"2014-08-29 12:55:57",23.8,0
"136",441,4968,"123456789","MATH22015","Gender","F",NA,NA,NA,NA,15,"shape",0,23550,1,1,15,54,"2014-08-29 12:55:57",23.55,0
"137",442,4964,"54689","MATH22015","Gender","Female",NA,NA,NA,NA,15,"shape",0,23617,1,0,15,54,"2014-08-29 12:55:56",23.617,0
"138",443,4965,"3546464","MATH22015","Gender","Male",NA,NA,NA,NA,15,"shape",0,23286,1,0,15,54,"2014-08-29 12:55:56",23.286,1
"139",444,4963,"654","MATH22015","Gender","M",NA,NA,NA,NA,15,"shape",0,20710,1,0,15,54,"2014-08-29 12:55:53",20.71,1
"140",372,5081,NA,"MATH22018","Gender","F",NA,NA,NA,NA,15,"diffColor",0,22351,1,0,15,54,"2014-08-29 14:06:14",22.351,0
"141",373,5080,NA,"MATH22018","Gender","F",NA,NA,NA,NA,15,"diffColor",0,23997,1,1,15,54,"2014-08-29 14:06:09",23.997,0
"142",374,5079,NA,"MATH22018","Gender","F",NA,NA,NA,NA,15,"diffColor",0,22247,1,0,15,54,"2014-08-29 14:05:11",22.247,0
"143",375,5078,NA,"MATH22018","GENDER","F",NA,NA,NA,NA,15,"shape",0,26793,1,0,15,54,"2014-08-29 14:04:24",26.793,0
"144",376,5074,NA,"MATH22018","GENDER","F",NA,NA,NA,NA,15,"shape",0,28721,1,0,15,54,"2014-08-29 14:02:33",28.721,0
"145",377,5068,NA,"MATH22018","Gender","F",NA,NA,NA,NA,15,"diffColor",0,32442,1,0,15,54,"2014-08-29 13:56:42",32.442,0
"146",378,5067,NA,"MATH22018","Gender","M",NA,NA,NA,NA,15,"shape",0,26799,1,1,15,54,"2014-08-29 13:56:33",26.799,1
"147",379,5066,"12345","MATH22018","Gender","F",NA,NA,NA,NA,15,"diffColor",0,28871,1,0,15,54,"2014-08-29 13:56:22",28.871,0
"148",380,5065,NA,"MATH22018","Gender","F",NA,NA,NA,NA,15,"shape",0,41397,1,4,15,54,"2014-08-29 13:56:07",41.397,0
"149",381,5064,NA,"MATH22018","Gender","M",NA,NA,NA,NA,15,"diffColor",0,29711,1,3,15,54,"2014-08-29 13:55:58",29.711,1
"150",382,5063,NA,"MATH22018","Gender","M",NA,NA,NA,NA,15,"diffColor",0,23668,1,0,15,54,"2014-08-29 13:55:53",23.668,1
"151",383,5062,NA,"MATH22018","Gender","F",NA,NA,NA,NA,15,"diffColor",0,32369,1,0,15,54,"2014-08-29 13:55:52",32.369,0
"152",384,5061,NA,"MATH22018","Gender","F",NA,NA,NA,NA,15,"shape",0,29569,1,1,15,54,"2014-08-29 13:55:51",29.569,0
"153",385,5058,NA,"MATH22018","Gender","M",NA,NA,NA,NA,15,"shape",0,28969,1,3,15,54,"2014-08-29 13:55:50",28.969,1
"154",386,5059,NA,"MATH22018","Gender","F",NA,NA,NA,NA,15,"shape",0,25154,1,0,15,54,"2014-08-29 13:55:50",25.154,0
"155",387,5060,NA,"MATH22018","Gender","F",NA,NA,NA,NA,15,"shape",0,26663,1,1,15,54,"2014-08-29 13:55:50",26.663,0
"156",388,5056,NA,"MATH22018","Gender","F",NA,NA,NA,NA,15,"shape",0,27157,1,0,15,54,"2014-08-29 13:55:49",27.157,0
"157",389,5057,NA,"MATH22018","Gender","M",NA,NA,NA,NA,15,"diffColor",0,31325,1,3,15,54,"2014-08-29 13:55:49",31.325,1
"158",390,5055,NA,"MATH22018","GENDER","F",NA,NA,NA,NA,15,"shape",0,31512,1,0,15,54,"2014-08-29 13:55:48",31.512,0
"159",391,5052,NA,"MATH22018","Gender","F",NA,NA,NA,NA,15,"shape",0,26927,1,0,15,54,"2014-08-29 13:55:47",26.927,0
"160",392,5053,NA,"MATH22018","Gender","M",NA,NA,NA,NA,15,"diffColor",0,24377,1,1,15,54,"2014-08-29 13:55:47",24.377,1
"161",393,5054,NA,"MATH22018","Gender","F",NA,NA,NA,NA,15,"shape",0,31517,1,1,15,54,"2014-08-29 13:55:47",31.517,0
"162",394,5046,NA,"MATH22018","Gender","F",NA,NA,NA,NA,15,"diffColor",0,28254,1,0,15,54,"2014-08-29 13:55:46",28.254,0
"163",395,5047,NA,"MATH22018","Gender","F",NA,NA,NA,NA,15,"shape",0,27290,1,1,15,54,"2014-08-29 13:55:46",27.29,0
"164",396,5048,NA,"MATH22018","Gender","F",NA,NA,NA,NA,15,"diffColor",0,24113,1,3,15,54,"2014-08-29 13:55:46",24.113,0
"165",397,5049,NA,"MATH22018","Gender","F",NA,NA,NA,NA,15,"diffColor",0,26570,1,0,15,54,"2014-08-29 13:55:46",26.57,0
"166",398,5050,NA,"MATH22018","Gender","F",NA,NA,NA,NA,15,"shape",0,28081,1,0,15,54,"2014-08-29 13:55:46",28.081,0
"167",399,5051,NA,"MATH22018","Gender","F",NA,NA,NA,NA,15,"shape",0,30721,1,0,15,54,"2014-08-29 13:55:46",30.721,0
"168",400,5043,NA,"MATH22018","Gender","F",NA,NA,NA,NA,15,"diffColor",0,24859,1,0,15,54,"2014-08-29 13:55:45",24.859,0
"169",401,5044,NA,"MATH22018","Gender","F",NA,NA,NA,NA,15,"shape",0,30097,1,1,15,54,"2014-08-29 13:55:45",30.097,0
"170",402,5045,NA,"MATH22018","Gender","F",NA,NA,NA,NA,15,"diffColor",0,28105,1,3,15,54,"2014-08-29 13:55:45",28.105,0
"171",403,5042,"123456789","MATH22018","Gender","F",NA,NA,NA,NA,15,"diffColor",0,27140,1,0,15,54,"2014-08-29 13:55:44",27.14,0
"172",404,5040,NA,"MATH22018","Gender","F",NA,NA,NA,NA,15,"diffColor",0,27346,1,2,15,54,"2014-08-29 13:55:43",27.346,0
"173",405,5041,NA,"MATH22018","Gender","F",NA,NA,NA,NA,15,"shape",0,25206,1,0,15,54,"2014-08-29 13:55:43",25.206,0
"174",406,5038,NA,"MATH22018","Gender","F",NA,NA,NA,NA,15,"diffColor",0,24297,1,0,15,54,"2014-08-29 13:55:42",24.297,0
"175",407,5039,NA,"MATH22018","Gender","M",NA,NA,NA,NA,15,"shape",0,23671,1,0,15,54,"2014-08-29 13:55:42",23.671,1
"176",544,2020,"MG","mth22602","gender","m","attempt",NA,NA,NA,24,"diffColor",0,53765,1,0,24,54,"2013-10-25 13:31:42",53.765,1
"177",545,2018,"MG","mth22602","gender","m","attempt",NA,NA,NA,24,"diffColor",0,65589,1,3,24,54,"2013-10-25 13:17:13",65.589,1
"178",546,2017,"SGTBrighton","mth22602","gender","m","attempt",NA,NA,NA,24,"diffColor",0,74760,1,7,24,54,"2013-10-25 13:17:11",74.76,1
"179",547,2016,"Me01","mth22602","gender","m","attempt",NA,NA,NA,24,"diffColor",0,72605,1,1,24,54,"2013-10-25 13:17:10",72.605,1
"180",548,2015,"Keags","mth22602","gender","f","attempt",NA,NA,NA,24,"diffColor",0,56770,1,2,24,54,"2013-10-25 13:16:54",56.77,0
"181",549,2014,"274469
SwaggyMcDangles","mth22602","gender","m","attempt",NA,NA,NA,24,"diffColor",0,58194,1,6,24,54,"2013-10-25 13:16:53",58.194,1
"182",550,2013,"MFrench","mth22602","gender","f","attempt",NA,NA,NA,24,"diffColor",0,49308,1,0,24,54,"2013-10-25 13:16:52",49.308,0
"183",551,2012,"Yellow5","mth22602","gender","f","attempt",NA,NA,NA,24,"diffColor",0,64307,1,2,24,54,"2013-10-25 13:16:50",64.307,0
"184",552,2011,"Harry","mth22602","gender","f","attempt",NA,NA,NA,24,"both",0,42205,1,0,24,54,"2013-10-25 13:16:48",42.205,0
"185",553,2009,"pippylongstocking","mth22602","gender","m","attempt",NA,NA,NA,24,"diffColor",0,47776,1,0,24,54,"2013-10-25 13:16:47",47.776,1
"186",554,2010,"Riley","mth22602","Gender","m","Attempt",NA,NA,NA,24,"diffColor",0,50060,1,1,24,54,"2013-10-25 13:16:47",50.06,1
"187",555,2008,"DeputyDePuy","mth22602","gender","m","attempt",NA,NA,NA,24,"diffColor",0,47142,1,0,24,54,"2013-10-25 13:16:45",47.142,1
"188",557,2007,"LGodlewski","mth22602","Gender","f","Attempt",NA,NA,NA,24,"diffColor",0,43649,1,1,24,54,"2013-10-25 13:16:42",43.649,0
"189",559,2004,"JRand","mth22602","gender","m","attempt",NA,NA,NA,24,"diffColor",0,53131,1,1,24,54,"2013-10-25 13:16:35",53.131,1
"190",560,2003,"Harry","mth22602","gender","f","attempt",NA,NA,NA,24,"both",0,56603,1,1,24,54,"2013-10-25 13:15:09",56.603,0
"191",561,2001,"SGTBrighton","mth22602","gender","m","attempt",NA,NA,NA,24,"diffColor",0,81409,1,6,24,54,"2013-10-25 13:14:54",81.409,1
"192",562,2002,"Keags","mth22602","gender","f","attempt",NA,NA,NA,24,"shape",0,77270,1,0,24,54,"2013-10-25 13:14:54",77.27,0
"193",563,2000,"Me01","mth22602","gender","m","attempt",NA,NA,NA,24,"diffColor",0,76728,1,3,24,54,"2013-10-25 13:14:47",76.728,1
"194",564,1999,"MG","mth22602","gender","m","attempt",NA,NA,NA,24,"diffColor",0,62900,1,2,24,54,"2013-10-25 13:14:40",62.9,1
"195",565,1998,"Yellow5","mth22602","gender","f","attempt",NA,NA,NA,24,"diffColor",0,69601,1,1,24,54,"2013-10-25 13:14:38",69.601,0
"196",567,1997,"Riley","mth22602","Gender","m","Attempt",NA,NA,NA,24,"diffColor",0,65270,1,2,24,54,"2013-10-25 13:14:36",65.27,1
"197",568,1995,"DeputyDePuy","mth22602","gender","m","attempt",NA,NA,NA,24,"diffColor",0,64551,1,0,24,54,"2013-10-25 13:14:35",64.551,1
"198",569,1994,"JRand","mth22602","gender","m","attempt",NA,NA,NA,24,"diffColor",0,63651,1,2,24,54,"2013-10-25 13:14:32",63.651,1
"199",570,1993,"pippylongstocking","mth22602","gender","m","attempt",NA,NA,NA,24,"diffColor",0,53665,1,1,24,54,"2013-10-25 13:14:28",53.665,1
"200",571,1992,"274469
SwaggyMcDangles","mth22602","gender","m","attempt",NA,NA,NA,24,"diffColor",0,57849,1,6,24,54,"2013-10-25 13:14:27",57.849,1
"201",573,1990,"LGodlewski","mth22602","Gender","f","Attempt",NA,NA,NA,24,"diffColor",0,43862,1,0,24,54,"2013-10-25 13:14:14",43.862,0
"202",574,1989,"MFrench","mth22602","gender","f","attempt",NA,NA,NA,24,"diffColor",0,42462,1,0,24,54,"2013-10-25 13:14:12",42.462,0
"203",887,591,"Kenmark","stats2","Gender?","Female","Day or Night?","Night","Using A Mouse?","No",24,"shape",0,46609,1,0,24,54,"2012-12-05 21:06:53",46.609,0
"204",889,586,"Kenmark","stats2","Gender?","Male","Day or Night?","Day","Using A Mouse?","Yes",24,"shape",0,41978,1,0,24,54,"2012-12-04 11:26:07",41.978,1
"205",890,585,"Kenmark","stats2","Gender?","Male","Day or Night?","Day","Using A Mouse?","Yes",24,"shape",0,44736,1,0,24,54,"2012-12-04 11:25:15",44.736,1
"206",891,584,"Kenmark","stats2","Gender?","Male","Day or Night?","Day","Using A Mouse?","Yes",24,"shape",0,46528,1,0,24,54,"2012-12-04 10:05:44",46.528,1
"207",892,583,"Kenmark","stats2","Gender?","Male","Day or Night?","Day","Using A Mouse?","Yes",24,"shape",0,50648,1,2,24,54,"2012-12-04 10:04:52",50.648,1
"208",893,582,"Kenmark","stats2","Gender?","m","Day or Night?","night","Using A Mouse?","yes",24,"shape",0,41238,1,0,24,54,"2012-12-04 00:28:08",41.238,1
"209",894,581,"Kenmark","stats2","Gender?","m","Day or Night?","night","Using A Mouse?","yes",24,"shape",0,52246,1,1,24,54,"2012-12-04 00:27:21",52.246,1
"210",895,580,"Kenmark","stats2","Gender?","Male","Day or Night?","Night","Using A Mouse?","Yes",24,"shape",0,64350,1,1,24,54,"2012-12-04 00:01:32",64.35,1
"211",896,579,"Kenmark","stats2","Gender?","Female","Day or Night?","Night","Using A Mouse?","No",24,"shape",0,60978,1,0,24,54,"2012-12-03 23:27:26",60.978,0
"212",897,578,"Kenmark","stats2","Gender?","Female","Day or Night?","Night","Using A Mouse?","No",24,"shape",0,73477,1,1,24,54,"2012-12-03 23:26:20",73.477,0
"213",898,577,"Kenmark","stats2","Gender?","male","Day or Night?","night 10:00","Using A Mouse?","no",24,"shape",0,58050,1,2,24,54,"2012-12-03 21:59:26",58.05,1
"214",899,576,"Kenmark","stats2","Gender?","Male","Day or Night?","Night","Using A Mouse?","Yeah",24,"shape",0,44608,1,1,24,54,"2012-12-03 21:31:59",44.608,1
"215",900,575,"Kenmark","stats2","Gender?","Female","Day or Night?","Night","Using A Mouse?","No",24,"shape",0,54391,1,2,24,54,"2012-12-03 20:03:58",54.391,0
"216",901,574,"Kenmark","stats2","Gender?","Male","Day or Night?","Night","Using A Mouse?","Yes",24,"shape",0,36853,1,0,24,54,"2012-12-03 19:38:20",36.853,1
"217",902,572,"Kenmark","stats2","Gender?","female","Day or Night?","day","Using A Mouse?","yes",24,"shape",0,40929,1,1,24,54,"2012-12-03 18:59:38",40.929,0
"218",903,571,"Kenmark","stats2","Gender?","male","Day or Night?","night","Using A Mouse?","yes",24,"shape",0,49581,1,1,24,54,"2012-12-03 18:58:45",49.581,1
"219",904,570,"Kenmark","stats2","Gender?","Male","Day or Night?","Night","Using A Mouse?","No",24,"shape",0,54891,1,1,24,54,"2012-12-03 17:48:19",54.891,1
"220",905,569,"Kenmark","stats2","Gender?","female","Day or Night?","night","Using A Mouse?","yes",24,"shape",0,46544,1,1,24,54,"2012-12-03 17:27:50",46.544,0
"221",906,568,"Kenmark","stats2","Gender?","Male","Day or Night?","Day","Using A Mouse?","No",24,"shape",0,72127,1,1,24,54,"2012-12-03 15:44:40",72.127,1
"222",907,567,"Kenmark","stats2","Gender?","female","Day or Night?","day","Using A Mouse?","yes",24,"shape",0,43789,1,0,24,54,"2012-12-03 15:40:46",43.789,0
"223",908,566,"Kenmark","stats2","Gender?","female","Day or Night?","day","Using A Mouse?","yes",24,"shape",0,53190,1,6,24,54,"2012-12-03 15:18:32",53.19,0
"224",909,565,"Kenmark","stats2","Gender?","female","Day or Night?","day","Using A Mouse?","no",24,"shape",0,58506,1,0,24,54,"2012-12-03 15:01:15",58.506,0
"225",910,564,"Kenmark","stats2","Gender?","Male","Day or Night?","Night","Using A Mouse?","Mouse",24,"shape",0,65673,1,5,24,54,"2012-12-03 14:56:33",65.673,1
"226",911,563,"Kenmark","stats2","Gender?","Female","Day or Night?","Day","Using A Mouse?","No",24,"shape",0,44937,1,2,24,54,"2012-12-03 14:56:08",44.937,0
"227",912,562,"Kenmark","stats2","Gender?","Female","Day or Night?","Day","Using A Mouse?","No",24,"shape",0,46126,1,0,24,54,"2012-12-03 14:55:19",46.126,0
"228",913,561,"Kenmark","stats2","Gender?","Female","Day or Night?","Day","Using A Mouse?","No",24,"shape",0,52708,1,1,24,54,"2012-12-03 14:54:29",52.708,0
"229",914,560,"Kenmark","stats2","Gender?","Male","Day or Night?","Day
Day","Using A Mouse?","Yes",24,"shape",0,43790,1,0,24,54,"2012-12-03 14:46:57",43.79,1
"230",915,559,"Kenmark","stats2","Gender?","Male","Day or Night?","Day","Using A Mouse?","Yes",24,"shape",0,56430,1,1,24,54,"2012-12-03 14:46:45",56.43,1
"231",916,558,"Kenmark","stats2","Gender?","female","Day or Night?","day","Using A Mouse?","yes",24,"shape",0,45070,1,0,24,54,"2012-12-03 12:00:29",45.07,0
"232",917,557,"Kenmark","stats2","Gender?","female","Day or Night?","day","Using A Mouse?","yes",24,"shape",0,54070,1,2,24,54,"2012-12-03 11:59:37",54.07,0
"233",918,556,"Kenmark","stats2","Gender?","female","Day or Night?","day","Using A Mouse?","yes",24,"shape",0,46220,1,1,24,54,"2012-12-03 11:58:37",46.22,0
"234",919,555,"Kenmark","stats2","Gender?","Female","Day or Night?","Day","Using A Mouse?","No",24,"shape",0,51690,1,0,24,54,"2012-12-03 11:38:09",51.69,0
"235",920,554,"Kenmark","stats2","Gender?","Male","Day or Night?","Day","Using A Mouse?","No",24,"shape",0,60410,1,0,24,54,"2012-12-03 11:36:34",60.41,1
"236",921,553,"Kenmark","stats2","Gender?","female","Day or Night?","day","Using A Mouse?","yes",24,"shape",0,60834,1,1,24,54,"2012-12-03 11:27:37",60.834,0
"237",922,552,"Kenmark","stats2","Gender?","Female","Day or Night?","Day","Using A Mouse?","Yes",24,"shape",0,43940,1,0,24,54,"2012-12-03 11:26:06",43.94,0
"238",923,551,"Kenmark","stats2","Gender?","Male","Day or Night?","Day","Using A Mouse?","Yes",24,"shape",0,52989,1,4,24,54,"2012-12-03 10:38:14",52.989,1
"239",924,550,"Kenmark","stats2","Gender?","Female","Day or Night?","Day","Using A Mouse?","No",24,"shape",0,62615,1,2,24,54,"2012-12-03 10:16:14",62.615,0
"240",925,549,"Kenmark","stats2","Gender?","Female","Day or Night?","Day","Using A Mouse?","Yes",24,"shape",0,50930,1,0,24,54,"2012-12-03 09:25:10",50.93,0
"241",926,548,"Kenmark","stats2","Gender?","female","Day or Night?","day","Using A Mouse?","no",24,"shape",0,59823,1,1,24,54,"2012-12-03 08:40:27",59.823,0
"242",927,547,"Kenmark","stats2","Gender?","Female","Day or Night?","Night","Using A Mouse?","Yes",24,"shape",0,51193,1,0,24,54,"2012-12-03 01:14:54",51.193,0
"243",928,546,"Kenmark","stats2","Gender?","Male","Day or Night?","Night","Using A Mouse?","Yes",24,"shape",0,46703,1,1,24,54,"2012-12-03 01:13:35",46.703,1
"244",929,545,"Kenmark","stats2","Gender?","Male","Day or Night?","Night","Using A Mouse?","No",24,"shape",0,69913,1,1,24,54,"2012-12-03 00:03:47",69.913,1
"245",931,543,"Kenmark","stats2","Gender?","Female","Day or Night?","Night","Using A Mouse?","No",24,"shape",0,57351,1,1,24,54,"2012-12-02 22:06:57",57.351,0
"246",932,542,"Kenmark","stats2","Gender?","Male","Day or Night?","Night","Using A Mouse?","Yes",24,"shape",0,71681,1,2,24,54,"2012-12-02 22:04:47",71.681,1
"247",829,868,"jordan","mth32601","gender","m","attempt",NA,NA,NA,24,"diffColor",0,76850,1,2,24,54,"2013-04-01 10:30:30",76.85,1
"248",830,867,"bmill678","mth32601","Gender","f","Attempt",NA,NA,NA,24,"diffColor",0,63295,1,3,24,54,"2013-04-01 10:30:09",63.295,0
"249",832,865,"zachzaniboni","mth32601","gender","m","attempt",NA,NA,NA,24,"diffColor",0,57219,1,0,24,54,"2013-04-01 10:30:01",57.219,1
"250",833,864,"242027","mth32601","gender","f","attempt
attempt",NA,NA,NA,24,"diffColor",0,51797,1,1,24,54,"2013-04-01 10:29:45",51.797,0
"251",834,863,"jdunn","mth32601","gender","f","attempt",NA,NA,NA,24,"diffColor",0,67805,1,1,24,54,"2013-04-01 10:29:37",67.805,0
"252",835,862,"patrick91","mth32601","gender","m","attempt",NA,NA,NA,24,"diffColor",0,65755,1,0,24,54,"2013-04-01 10:29:35",65.755,1
"253",837,860,"pward","mth32601","Gender","f","Attempt",NA,NA,NA,24,"diffColor",0,56576,1,1,24,54,"2013-04-01 10:29:19",56.576,0
"254",838,858,"alexgaertner","mth32601","gender","f","attempt",NA,NA,NA,24,"diffColor",0,51089,1,0,24,54,"2013-04-01 10:29:16",51.089,0
"255",839,859,"raw9","mth32601","gender","m","attempt",NA,NA,NA,24,"diffColor",0,62605,1,2,24,54,"2013-04-01 10:29:16",62.605,1
"256",840,857,"201967","mth32601","gender","f","attempt",NA,NA,NA,24,"diffColor",0,47829,1,0,24,54,"2013-04-01 10:29:14",47.829,0
"257",841,854,"AgentBaggins
DerekJeter","mth32601","gender","m","attempt",NA,NA,NA,24,"diffColor",0,55380,1,0,24,54,"2013-04-01 10:29:11",55.38,1
"258",842,855,"281621
mt9669","mth32601","Gender","m","Attempt",NA,NA,NA,24,"diffColor",0,55009,1,1,24,54,"2013-04-01 10:29:11",55.009,1
"259",843,853,"999999999","mth32601","Gender","M","Attempt",NA,NA,NA,24,"diffColor",0,43805,1,1,24,54,"2013-04-01 10:28:52",43.805,1
"260",845,851,"jordan","mth32601","gender","m","attempt",NA,NA,NA,24,"diffColor",0,100104,1,9,24,54,"2013-04-01 10:27:57",100.104,1
"261",846,850,"patrick91","mth32601","gender","m","attempt",NA,NA,NA,24,"diffColor",0,101467,1,1,24,54,"2013-04-01 10:27:55",101.467,1
"262",847,849,"281621
mt9669","mth32601","Gender","m","Attempt",NA,NA,NA,24,"diffColor",0,78712,1,3,24,54,"2013-04-01 10:27:37",78.712,1
"263",848,847,"jdunn","mth32601","gender","f","attempt",NA,NA,NA,24,"diffColor",0,70577,1,2,24,54,"2013-04-01 10:27:25",70.577,0
"264",849,848,"pward","mth32601","Gender","f","Attempt",NA,NA,NA,24,"diffColor",0,68078,1,0,24,54,"2013-04-01 10:27:25",68.078,0
"265",850,845,"AgentBaggins
DerekJeter","mth32601","gender","m","attempt",NA,NA,NA,24,"diffColor",0,67030,1,1,24,54,"2013-04-01 10:27:22",67.03,1
"266",851,846,"bmill678","mth32601","Gender","f","Attempt",NA,NA,NA,24,"diffColor",0,67109,1,3,24,54,"2013-04-01 10:27:22",67.109,0
"267",853,842,"zachzaniboni","mth32601","gender","m","attempt",NA,NA,NA,24,"diffColor",0,64741,1,1,24,54,"2013-04-01 10:27:20",64.741,1
"268",854,841,"raw9","mth32601","gender","m","attempt",NA,NA,NA,24,"diffColor",0,60628,1,3,24,54,"2013-04-01 10:27:17",60.628,1
"269",856,838,"242027","mth32601","gender","f","attempt",NA,NA,NA,24,"diffColor",0,54961,1,1,24,54,"2013-04-01 10:27:09",54.961,0
"270",857,837,"999999999","mth32601","Gender","M","Attempt",NA,NA,NA,24,"diffColor",0,54220,1,2,24,54,"2013-04-01 10:27:06",54.22,1
"271",858,836,"alexgaertner","mth32601","gender","f","attempt",NA,NA,NA,24,"diffColor",0,51871,1,0,24,54,"2013-04-01 10:27:05",51.871,0
"272",859,835,"201967","mth32601","gender","f","attempt",NA,NA,NA,24,"diffColor",0,49031,1,0,24,54,"2013-04-01 10:26:57",49.031,0
"273",785,979,"tcass","mth32602","Gender","m","Attempt",NA,NA,NA,24,"diffColor",0,59998,1,0,24,54,"2013-04-04 22:42:32",59.998,1
"274",786,978,"tcass","mth32602","Gender","m","Attempt",NA,NA,NA,24,"diffColor",0,94442,1,15,24,54,"2013-04-04 22:41:21",94.442,1
"275",793,903,"mc","mth32602","gender","m","attempt",NA,NA,NA,24,"diffColor",0,57574,1,1,24,54,"2013-04-01 13:28:47",57.574,1
"276",795,902,"mc","mth32602","gender","m","attempt",NA,NA,NA,24,"diffColor",0,54857,1,0,24,54,"2013-04-01 13:27:41",54.857,1
"277",796,901,"emilybaldwin","mth32602","gender","f","attempt",NA,NA,NA,24,"diffColor",0,63503,1,0,24,54,"2013-04-01 13:26:43",63.503,0
"278",797,899,"pablocombalia","mth32602","gender","m","attempt",NA,NA,NA,24,"diffColor",0,63820,1,0,24,54,"2013-04-01 13:26:40",63.82,1
"279",799,898,"ns","mth32602","gender","m","attempt",NA,NA,NA,24,"diffColor",0,60763,1,2,24,54,"2013-04-01 13:26:35",60.763,1
"280",800,896,"245807","mth32602","gender","F","attempt",NA,NA,NA,24,"diffColor",0,54335,1,1,24,54,"2013-04-01 13:26:32",54.335,0
"281",801,897,"apayne","mth32602","gender","m","attempt",NA,NA,NA,24,"diffColor",0,56500,1,1,24,54,"2013-04-01 13:26:32",56.5,1
"282",802,895,"aj","mth32602","gender","m","attempt",NA,NA,NA,24,"diffColor",0,56377,1,0,24,54,"2013-04-01 13:26:31",56.377,1
"283",803,893,"gc","mth32602","gender","m","attempt",NA,NA,NA,24,"diffColor",0,57064,1,1,24,54,"2013-04-01 13:26:29",57.064,1
"284",804,894,"epc","mth32602","gender","f","attempt",NA,NA,NA,24,"diffColor",0,56470,1,0,24,54,"2013-04-01 13:26:29",56.47,0
"285",805,892,"252934","mth32602","gender","f","attempt",NA,NA,NA,24,"diffColor",0,55283,1,2,24,54,"2013-04-01 13:26:28",55.283,0
"286",806,890,"lp","mth32602","gender","f","attempt",NA,NA,NA,24,"diffColor",0,53385,1,1,24,54,"2013-04-01 13:26:27",53.385,0
"287",809,888,"bm77","mth32602","gender","m","attempt",NA,NA,NA,24,"diffColor",0,48991,1,1,24,54,"2013-04-01 13:26:24",48.991,1
"288",810,887,"aj","mth32602","gender","m","attempt",NA,NA,NA,24,"diffColor",0,75813,1,2,24,54,"2013-04-01 13:23:49",75.813,1
"289",811,886,"245807","mth32602","gender","F","attempt",NA,NA,NA,24,"diffColor",0,67674,1,3,24,54,"2013-04-01 13:23:40",67.674,0
"290",813,883,"pablocombalia","mth32602","gender","m","attempt",NA,NA,NA,24,"diffColor",0,70840,1,5,24,54,"2013-04-01 13:23:38",70.84,1
"291",814,884,"ns","mth32602","gender","m","attempt",NA,NA,NA,24,"diffColor",0,61486,1,1,24,54,"2013-04-01 13:23:38",61.486,1
"292",815,882,"epc","mth32602","gender","f","attempt",NA,NA,NA,24,"diffColor",0,71214,1,1,24,54,"2013-04-01 13:23:30",71.214,0
"293",817,880,"252934","mth32602","gender","f","attempt",NA,NA,NA,24,"diffColor",0,67068,1,3,24,54,"2013-04-01 13:23:23",67.068,0
"294",818,879,"apayne","mth32602","gender","m","attempt",NA,NA,NA,24,"diffColor",0,66315,1,0,24,54,"2013-04-01 13:23:22",66.315,1
"295",819,878,"emilybaldwin","mth32602","gender","f","attempt",NA,NA,NA,24,"diffColor",0,63586,1,0,24,54,"2013-04-01 13:23:21",63.586,0
"296",821,876,"gc","mth32602","gender","m","attempt",NA,NA,NA,24,"diffColor",0,60063,1,1,24,54,"2013-04-01 13:23:17",60.063,1
"297",823,874,"lp","mth32602","gender","f","attempt",NA,NA,NA,24,"diffColor",0,55079,1,1,24,54,"2013-04-01 13:23:15",55.079,0
"298",824,873,"bm77","mth32602","gender","m","attempt",NA,NA,NA,24,"diffColor",0,52447,1,0,24,54,"2013-04-01 13:23:12",52.447,1
"299",70,14907,"tron5552","MAED550","sex","f",NA,NA,NA,NA,24,"shape",0,42187,1,2,24,54,"2015-08-24 17:30:02",42.187,0
"300",71,14906,"7580","MAED550","sex","f",NA,NA,NA,NA,24,"shape",0,39059,1,0,24,54,"2015-08-24 17:29:42",39.059,0
"301",73,14905,"MMATUSZAK","MAED550","SEX","F",NA,NA,NA,NA,24,"shape",0,45698,1,3,24,54,"2015-08-24 17:29:39",45.698,0
"302",74,14903,"MAED550
Collene","MAED550","sex","f",NA,NA,NA,NA,24,"shape",0,42674,1,0,24,54,"2015-08-24 17:29:35",42.674,0
"303",75,14902,"52
wca","MAED550","sex","m",NA,NA,NA,NA,24,"shape",0,36066,1,0,24,54,"2015-08-24 17:29:32",36.066,1
"304",76,14900,"czer5675","MAED550","sex","f",NA,NA,NA,NA,24,"shape",0,34499,1,0,24,54,"2015-08-24 17:29:30",34.499,0
"305",77,14901,"Steve","MAED550","Sex","M",NA,NA,NA,NA,24,"shape",0,41275,1,4,24,54,"2015-08-24 17:29:30",41.275,1
"306",78,14899,"DYLAN","MAED550","SEX","M",NA,NA,NA,NA,24,"shape",0,38186,1,2,24,54,"2015-08-24 17:29:29",38.186,1
"307",79,14898,"Ellie","MAED550","sex","f",NA,NA,NA,NA,24,"shape",0,37022,1,0,24,54,"2015-08-24 17:29:28",37.022,0
"308",80,14897,"Shelby","MAED550","sex","f",NA,NA,NA,NA,24,"shape",0,44470,1,0,24,54,"2015-08-24 17:29:09",44.47,0
"309",81,14896,"Madison","MAED550","sex","f",NA,NA,NA,NA,24,"shape",0,40563,1,0,24,54,"2015-08-24 17:28:56",40.563,0
"310",82,14895,"DYLAN","MAED550","SEX","M",NA,NA,NA,NA,24,"both",0,31315,0,0,24,54,"2015-08-24 17:21:23",31.315,1
"311",83,14894,"Collene","MAED550","sex","f",NA,NA,NA,NA,24,"both",0,42400,0,0,24,54,"2015-08-24 17:21:20",42.4,0
"312",85,14891,"52
wca","MAED550","sex","m",NA,NA,NA,NA,24,"both",0,37175,0,0,24,54,"2015-08-24 17:21:01",37.175,1
"313",86,14892,"Shelby","MAED550","sex","f",NA,NA,NA,NA,24,"both",0,44599,0,0,24,54,"2015-08-24 17:21:01",44.599,0
"314",87,14889,"MMATUSZAK","MAED550","SEX","F",NA,NA,NA,NA,24,"both",0,34698,1,0,24,54,"2015-08-24 17:21:00",34.698,0
"315",88,14890,"Steve","MAED550","Sex","M",NA,NA,NA,NA,24,"both",0,31145,0,1,24,54,"2015-08-24 17:21:00",31.145,1
"316",89,14888,"Ellie","MAED550","sex","f",NA,NA,NA,NA,24,"both",0,33378,0,0,24,54,"2015-08-24 17:20:59",33.378,0
"317",90,14887,"czer5675","MAED550","sex","f",NA,NA,NA,NA,24,"both",0,34935,0,0,24,54,"2015-08-24 17:20:58",34.935,0
"318",91,14885,"7580","MAED550","Sex","f",NA,NA,NA,NA,24,"both",0,33191,0,0,24,54,"2015-08-24 17:20:55",33.191,0
"319",92,14886,"tron5552","MAED550","sex","f",NA,NA,NA,NA,24,"both",0,30791,0,0,24,54,"2015-08-24 17:20:55",30.791,0
"320",93,14884,"Madison","MAED550","sex","f",NA,NA,NA,NA,24,"both",0,29280,1,0,24,54,"2015-08-24 17:20:51",29.28,0
"321",95,14882,"Dylan","MAED550","Sex","M",NA,NA,NA,NA,24,"optionColor",0,47827,0,8,24,54,"2015-08-24 17:18:49",47.827,1
"322",96,14881,"Madison","MAED550","sex","f",NA,NA,NA,NA,24,"optionColor",0,33424,1,1,24,54,"2015-08-24 17:18:46",33.424,0
"323",97,14880,"MMATUSZAK","MAED550","SEX","F",NA,NA,NA,NA,24,"optionColor",0,37378,1,0,24,54,"2015-08-24 17:18:41",37.378,0
"324",99,14879,"czer5675","MAED550","sex","f",NA,NA,NA,NA,24,"optionColor",0,42192,0,1,24,54,"2015-08-24 17:18:38",42.192,0
"325",100,14877,"tron5552","MAED550","sex","f",NA,NA,NA,NA,24,"optionColor",0,46215,0,3,24,54,"2015-08-24 17:18:35",46.215,0
"326",101,14876,"Steve","MAED550","Sex","M",NA,NA,NA,NA,24,"optionColor",0,32647,0,1,24,54,"2015-08-24 17:18:32",32.647,1
"327",102,14875,"Shelby","MAED550","sex","f",NA,NA,NA,NA,24,"optionColor",0,39719,0,0,24,54,"2015-08-24 17:18:30",39.719,0
"328",103,14874,"Ellie","MAED550","sex","f",NA,NA,NA,NA,24,"optionColor",0,34042,0,0,24,54,"2015-08-24 17:18:29",34.042,0
"329",104,14873,"52
wca","MAED550","sex","m",NA,NA,NA,NA,24,"optionColor",0,40455,0,4,24,54,"2015-08-24 17:18:27",40.455,1
"330",105,14872,"7580","MAED550","Sex","f",NA,NA,NA,NA,24,"optionColor",0,36123,0,0,24,54,"2015-08-24 17:18:23",36.123,0
"331",107,14870,"MMATUSZAK","MAED550","SEX","F",NA,NA,NA,NA,24,"shape",0,52491,0,2,24,54,"2015-08-24 17:12:25",52.491,0
"332",108,14869,"Collene","MAED550","sex","f",NA,NA,NA,NA,24,"shape",0,47705,0,2,24,54,"2015-08-24 17:12:22",47.705,0
"333",109,14868,"Shelby","MAED550","sex","f",NA,NA,NA,NA,24,"shape",0,44692,0,1,24,54,"2015-08-24 17:12:20",44.692,0
"334",110,14867,"7580","MAED550","Sex","f",NA,NA,NA,NA,24,"shape",0,42803,0,0,24,54,"2015-08-24 17:12:17",42.803,0
"335",111,14866,"czer5675","MAED550","sex","f",NA,NA,NA,NA,24,"shape",0,41203,0,1,24,54,"2015-08-24 17:12:16",41.203,0
"336",112,14863,"Dylan","MAED550","Sex","m",NA,NA,NA,NA,24,"shape",0,38525,0,1,24,54,"2015-08-24 17:12:15",38.525,1
"337",113,14864,"Ellie","MAED550","sex","f",NA,NA,NA,NA,24,"shape",0,42020,0,0,24,54,"2015-08-24 17:12:15",42.02,0
"338",114,14865,"Madison","MAED550","sex","f",NA,NA,NA,NA,24,"shape",0,40265,0,2,24,54,"2015-08-24 17:12:15",40.265,0
"339",115,14862,"tron5552","MAED550","sex","f",NA,NA,NA,NA,24,"shape",0,41068,0,1,24,54,"2015-08-24 17:12:14",41.068,0
"340",116,14861,"52
wca","MAED550","sex","m",NA,NA,NA,NA,24,"shape",0,37676,0,1,24,54,"2015-08-24 17:12:13",37.676,1
"341",117,14860,"Steve","MAED550","Sex","M",NA,NA,NA,NA,24,"shape",0,34931,0,0,24,54,"2015-08-24 17:12:08",34.931,1
"342",451,4525,"octopus","336S14","Gender","F",NA,NA,NA,NA,24,"optionColor",0,35315,1,0,24,54,"2014-05-05 15:35:42",35.315,0
"343",452,4524,"octopus","336S14","Gender","F",NA,NA,NA,NA,24,"shape",0,39278,1,0,24,54,"2014-05-05 15:35:01",39.278,0
"344",453,4523,"BigRon","336S14","Gender","M",NA,NA,NA,NA,24,"diffColor",0,47115,1,0,24,54,"2014-05-05 15:34:16",47.115,1
"345",454,4522,"octopus","336S14","Gender","F",NA,NA,NA,NA,24,"diffColor",0,43271,1,3,24,54,"2014-05-05 15:34:15",43.271,0
"346",455,4521,"qazxcv","336S14","Gender","F",NA,NA,NA,NA,24,"shape",0,56251,1,0,24,54,"2014-05-05 15:33:54",56.251,0
"347",456,4520,"4668","336S14","Gender","M",NA,NA,NA,NA,24,"diffColor",0,54160,1,2,24,54,"2014-05-05 15:33:32",54.16,1
"348",457,4519,"BigRon","336S14","Gender","M",NA,NA,NA,NA,24,"optionColor",0,41314,1,0,24,54,"2014-05-05 15:33:22",41.314,1
"349",458,4518,"octopus","336S14","Gender","F",NA,NA,NA,NA,24,"both",0,31238,1,0,24,54,"2014-05-05 15:33:20",31.238,0
"350",459,4517,"7","336S14","Gender","F",NA,NA,NA,NA,24,"shape",0,38257,1,0,24,54,"2014-05-05 15:33:18",38.257,0
"351",460,4516,"24601","336S14","Gender","M",NA,NA,NA,NA,24,"optionColor",0,40413,1,0,24,54,"2014-05-05 15:33:02",40.413,1
"352",462,4514,"qazxcv","336S14","Gender","F",NA,NA,NA,NA,24,"shape",0,60870,1,4,24,54,"2014-05-05 15:32:53",60.87,0
"353",463,4513,"qwerty4321","336S14","Gender","M",NA,NA,NA,NA,24,"shape",0,47625,1,0,24,54,"2014-05-05 15:32:47",47.625,1
"354",464,4512,"519955","336S14","Gender","F",NA,NA,NA,NA,24,"shape",0,52974,1,2,24,54,"2014-05-05 15:32:45",52.974,0
"355",465,4511,"4668","336S14","Gender","M",NA,NA,NA,NA,24,"optionColor",0,37855,1,0,24,54,"2014-05-05 15:32:35",37.855,1
"356",466,4510,"BigRon","336S14","Gender","M",NA,NA,NA,NA,24,"both",0,45043,1,0,24,54,"2014-05-05 15:32:32",45.043,1
"357",467,4509,"24601","336S14","Gender","M",NA,NA,NA,NA,24,"shape",0,50358,1,3,24,54,"2014-05-05 15:32:16",50.358,1
"358",469,4507,"7","336S14","Gender","F",NA,NA,NA,NA,24,"diffColor",0,42059,1,0,24,54,"2014-05-05 15:32:00",42.059,0
"359",470,4506,"123456789a","336S14","Gender","F",NA,NA,NA,NA,24,"shape",0,38770,1,0,24,54,"2014-05-05 15:31:58",38.77,0
"360",471,4505,"qwerty4321","336S14","Gender","M",NA,NA,NA,NA,24,"diffColor",0,50400,1,0,24,54,"2014-05-05 15:31:53",50.4,1
"361",472,4504,"519955","336S14","Gender","F",NA,NA,NA,NA,24,"optionColor",0,38126,1,2,24,54,"2014-05-05 15:31:48",38.126,0
"362",473,4503,"4668","336S14","Gender","M",NA,NA,NA,NA,24,"both",0,36887,1,0,24,54,"2014-05-05 15:31:47",36.887,1
"363",474,4502,"qazxcv","336S14","Gender","F",NA,NA,NA,NA,24,"shape",0,57489,1,3,24,54,"2014-05-05 15:31:46",57.489,0
"364",475,4501,"chrisgallo","336S14","Gender","M",NA,NA,NA,NA,24,"both",0,32994,1,0,24,54,"2014-05-05 15:31:37",32.994,1
"365",476,4500,"BigRon","336S14","Gender","M",NA,NA,NA,NA,24,"shape",0,43180,1,0,24,54,"2014-05-05 15:31:32",43.18,1
"366",477,4499,"24601","336S14","Gender","M",NA,NA,NA,NA,24,"diffColor",0,48701,1,1,24,54,"2014-05-05 15:31:19",48.701,1
"367",478,4498,"123456789a","336S14","Gender","F",NA,NA,NA,NA,24,"diffColor",0,47890,1,0,24,54,"2014-05-05 15:31:10",47.89,0
"368",480,4497,"7","336S14","Gender","F",NA,NA,NA,NA,24,"both",0,33764,1,0,24,54,"2014-05-05 15:31:09",33.764,0
"369",481,4495,"519955","336S14","Gender","F",NA,NA,NA,NA,24,"diffColor",0,44781,1,0,24,54,"2014-05-05 15:31:01",44.781,0
"370",482,4494,"4668","336S14","Gender","M",NA,NA,NA,NA,24,"shape",0,41687,1,0,24,54,"2014-05-05 15:31:00",41.687,1
"371",483,4493,"chrisgallo","336S14","Gender","M",NA,NA,NA,NA,24,"optionColor",0,37562,1,0,24,54,"2014-05-05 15:30:59",37.562,1
"372",484,4492,"qwerty4321","336S14","Gender","M",NA,NA,NA,NA,24,"optionColor",0,42042,1,0,24,54,"2014-05-05 15:30:56",42.042,1
"373",485,4491,"qazxcv","336S14","Gender","F",NA,NA,NA,NA,24,"shape",0,62776,1,1,24,54,"2014-05-05 15:30:42",62.776,0
"374",486,4490,"24601","336S14","Gender","M",NA,NA,NA,NA,24,"both",0,36477,1,0,24,54,"2014-05-05 15:30:26",36.477,1
"375",487,4489,"7","336S14","Gender","F",NA,NA,NA,NA,24,"optionColor",0,28347,1,0,24,54,"2014-05-05 15:30:22",28.347,0
"376",489,4487,"chrisgallo","336S14","Gender","M",NA,NA,NA,NA,24,"diffColor",0,46322,1,0,24,54,"2014-05-05 15:30:14",46.322,1
"377",491,4485,"123456789a","336S14","Gender","F",NA,NA,NA,NA,24,"both",0,35978,1,0,24,54,"2014-05-05 15:30:10",35.978,0
"378",492,4484,"519955","336S14","Gender","F",NA,NA,NA,NA,24,"both",0,36128,1,0,24,54,"2014-05-05 15:30:04",36.128,0
"379",493,4483,"qwerty4321","336S14","Gender","M",NA,NA,NA,NA,24,"both",0,37802,1,0,24,54,"2014-05-05 15:30:02",37.802,1
"380",494,4482,"123456789a","336S14","Gender","F",NA,NA,NA,NA,24,"optionColor",0,36354,1,0,24,54,"2014-05-05 15:29:20",36.354,0
"381",495,4481,"chrisgallo","336S14","Gender","M",NA,NA,NA,NA,24,"shape",0,36059,1,0,24,54,"2014-05-05 15:29:11",36.059,1
"382",488,4488,"BigRon","MAT336S14","Gender","M",NA,NA,NA,NA,24,"diffColor",0,47602,1,0,24,54,"2014-05-05 15:30:18",47.602,1
"383",496,4480,"May5th","MAT336S14","Gender","M",NA,NA,NA,NA,24,"shape",0,50088,1,2,24,54,"2014-05-05 15:28:00",50.088,1
"384",498,4478,"octopus","MAT336S14","Gender","F",NA,NA,NA,NA,24,"both",0,37919,1,1,24,54,"2014-05-05 15:26:14",37.919,0
"385",499,4477,"IamnotAmy
ImnotChris","MAT336S14","Gender","M",NA,NA,NA,NA,24,"both",0,37342,1,0,24,54,"2014-05-05 15:26:07",37.342,1
"386",500,4476,"maomao","MAT336S14","Gender","F",NA,NA,NA,NA,24,"shape",0,51445,1,1,24,54,"2014-05-05 15:25:55",51.445,0
"387",501,4475,"pslough","MAT336S14","Gender","M",NA,NA,NA,NA,24,"both",0,36514,1,0,24,54,"2014-05-05 15:25:34",36.514,1
"388",502,4474,"octopus","MAT336S14","Gender","F",NA,NA,NA,NA,24,"optionColor",0,33327,1,1,24,54,"2014-05-05 15:25:28",33.327,0
"389",504,4472,"IamnotAmy
ImnotChris","MAT336S14","Gender","M",NA,NA,NA,NA,24,"shape",0,59068,1,9,24,54,"2014-05-05 15:25:23",59.068,1
"390",505,4471,"maomao","MAT336S14","Gender","F",NA,NA,NA,NA,24,"shape",0,42961,1,0,24,54,"2014-05-05 15:25:01",42.961,0
"391",506,4470,"pslough","MAT336S14","Gender","M",NA,NA,NA,NA,24,"optionColor",0,39763,1,0,24,54,"2014-05-05 15:24:53",39.763,1
"392",507,4469,"octopus","MAT336S14","Gender","F",NA,NA,NA,NA,24,"diffColor",0,42423,1,0,24,54,"2014-05-05 15:24:49",42.423,0
"393",508,4468,"4668","MAT336S14","Gender","M",NA,NA,NA,NA,24,"shape",0,54947,1,0,24,54,"2014-05-05 15:24:31",54.947,1
"394",509,4467,"felix","MAT336S14","Gender","M",NA,NA,NA,NA,24,"optionColor",0,48401,1,5,24,54,"2014-05-05 15:24:25",48.401,1
"395",510,4466,"maomao","MAT336S14","Gender","F",NA,NA,NA,NA,24,"shape",0,53242,1,3,24,54,"2014-05-05 15:24:16",53.242,0
"396",511,4465,"pslough","MAT336S14","Gender","M",NA,NA,NA,NA,24,"diffColor",0,42640,1,0,24,54,"2014-05-05 15:24:07",42.64,1
"397",512,4464,"7","MAT336S14","Gender","F",NA,NA,NA,NA,24,"optionColor",0,32952,1,0,24,54,"2014-05-05 15:24:06",32.952,0
"398",514,4461,"qwerty1234","MAT336S14","Gender","M",NA,NA,NA,NA,15,"optionColor",0,34569,1,0,15,3,"2014-05-05 15:23:47",34.569,1
"399",515,4460,"IamnotAmy
ImnotChris","MAT336S14","Gender","M",NA,NA,NA,NA,24,"diffColor",0,48330,1,0,24,54,"2014-05-05 15:23:37",48.33,1
"400",516,4459,"octopus","MAT336S14","Gender","F",NA,NA,NA,NA,24,"shape",0,53014,1,4,24,54,"2014-05-05 15:23:35",53.014,0
"401",517,4458,"felix","MAT336S14","Gender","M",NA,NA,NA,NA,24,"shape",0,50905,1,2,24,54,"2014-05-05 15:23:25",50.905,1
"402",518,4457,"4668","MAT336S14","Gender","M",NA,NA,NA,NA,24,"optionColor",0,48847,1,2,24,54,"2014-05-05 15:23:23",48.847,1
"403",519,4456,"7","MAT336S14","Gender","F",NA,NA,NA,NA,24,"diffColor",0,52469,1,2,24,54,"2014-05-05 15:23:22",52.469,0
"404",520,4455,"maomao","MAT336S14","Gender","F",NA,NA,NA,NA,24,"shape",0,49887,1,2,24,54,"2014-05-05 15:23:19",49.887,0
"405",522,4452,"qwerty1234","MAT336S14","Gender","M",NA,NA,NA,NA,21,"diffColor",0,52497,1,0,21,107,"2014-05-05 15:22:49",52.497,1
"406",523,4451,"7","MAT336S14","Gender","F",NA,NA,NA,NA,24,"both",0,31510,1,0,24,54,"2014-05-05 15:22:26",31.51,0
"407",524,4450,"4668","MAT336S14","Gender","M",NA,NA,NA,NA,24,"both",0,45706,1,0,24,54,"2014-05-05 15:22:24",45.706,1
"408",525,4449,"123456789a","MAT336S14","Gender","F",NA,NA,NA,NA,24,"shape",0,42412,1,0,24,54,"2014-05-05 15:22:22",42.412,0
"409",526,4448,"felix","MAT336S14","Gender","M",NA,NA,NA,NA,24,"both",0,57036,1,1,24,54,"2014-05-05 15:22:21",57.036,1
"410",527,4447,"IamnotAmy
ImnotChris","MAT336S14","Gender","M",NA,NA,NA,NA,24,"optionColor",0,43744,1,0,24,54,"2014-05-05 15:22:20",43.744,1
"411",528,4446,"maomao","MAT336S14","Gender","F",NA,NA,NA,NA,24,"shape",0,71454,1,4,24,54,"2014-05-05 15:22:11",71.454,0
"412",529,4444,"qwerty1234","MAT336S14","Gender","M",NA,NA,NA,NA,18,"both",0,30169,1,0,18,15,"2014-05-05 15:21:36",30.169,1
"413",531,4442,"123456789a","MAT336S14","Gender","F",NA,NA,NA,NA,24,"optionColor",0,36577,1,0,24,54,"2014-05-05 15:21:27",36.577,0
"414",532,4441,"7","MAT336S14","Gender","F",NA,NA,NA,NA,24,"shape",0,46390,1,2,24,54,"2014-05-05 15:21:26",46.39,0
"415",533,4440,"4668","MAT336S14","Gender","M",NA,NA,NA,NA,24,"diffColor",0,61397,1,1,24,54,"2014-05-05 15:21:15",61.397,1
"416",534,4439,"felix","MAT336S14","Gender","M",NA,NA,NA,NA,24,"diffColor",0,56943,1,2,24,54,"2014-05-05 15:21:13",56.943,1
"417",535,4438,"pslough","MAT336S14","Gender","M",NA,NA,NA,NA,24,"shape",0,39306,1,0,24,54,"2014-05-05 15:21:06",39.306,1
"418",536,4436,"123456789a","MAT336S14","Gender","F",NA,NA,NA,NA,24,"both",0,42358,1,0,24,54,"2014-05-05 15:20:40",42.358,0
"419",537,4435,"qwerty1234","MAT336S14","Gender","M",NA,NA,NA,NA,24,"shape",0,48993,1,2,24,54,"2014-05-05 15:20:28",48.993,1
"420",539,4434,"pslough","MAT336S14","Gender","M",NA,NA,NA,NA,24,"shape",0,43971,1,0,24,54,"2014-05-05 15:20:24",43.971,1
"421",540,4431,"pslough","MAT336S14","Gender","M",NA,NA,NA,NA,24,"shape",0,41850,1,3,24,54,"2014-05-05 15:19:37",41.85,1
"422",541,4432,"123456789a","MAT336S14","Gender","F",NA,NA,NA,NA,24,"diffColor",0,55457,1,0,24,54,"2014-05-05 15:19:37",55.457,0
"423",542,4430,"pslough","MAT336S14","Gender","M",NA,NA,NA,NA,24,"shape",0,41004,1,0,24,54,"2014-05-05 15:18:47",41.004,1
"424",575,1988,"123456789
71811","mth22601","gender","f","attempt",NA,NA,NA,24,"diffColor",0,47175,1,0,24,54,"2013-10-25 10:32:05",47.175,0
"425",576,1987,"EdNigma","mth22601","gender","m","attempt",NA,NA,NA,24,"diffColor",0,45024,1,0,24,54,"2013-10-25 10:18:11",45.024,1
"426",578,1985,"me","mth22601","gender","f","attempt",NA,NA,NA,24,"diffColor",0,87025,1,1,24,54,"2013-10-25 10:17:58",87.025,0
"427",579,1983,"264142","mth22601","gender","f","attempt",NA,NA,NA,24,"diffColor",0,60245,1,2,24,54,"2013-10-25 10:17:32",60.245,0
"428",580,1984,"student","mth22601","gender","f","attempt",NA,NA,NA,24,"diffColor",0,54908,1,0,24,54,"2013-10-25 10:17:32",54.908,0
"429",581,1982,"student277","mth22601","gender","f","attempt",NA,NA,NA,24,"diffColor",0,53189,1,0,24,54,"2013-10-25 10:17:31",53.189,0
"430",582,1981,"Stats10","mth22601","Gender","M","Attempt",NA,NA,NA,24,"diffColor",0,54939,1,0,24,54,"2013-10-25 10:17:21",54.939,1
"431",583,1980,"123456789
71811","mth22601","gender","f","attempt",NA,NA,NA,24,"diffColor",0,57783,1,1,24,54,"2013-10-25 10:17:20",57.783,0
"432",584,1979,"abc123","mth22601","gender","m","attempt",NA,NA,NA,24,"diffColor",0,52797,1,0,24,54,"2013-10-25 10:17:17",52.797,1
"433",585,1977,"student","mth22601","gender","f","attempt",NA,NA,NA,24,"diffColor",0,47652,1,1,24,54,"2013-10-25 10:17:15",47.652,0
"434",586,1978,"AR","mth22601","gender","f","attempt",NA,NA,NA,24,"diffColor",0,54082,1,1,24,54,"2013-10-25 10:17:15",54.082,0
"435",587,1975,"Student2","mth22601","gender","f","attempt",NA,NA,NA,24,"diffColor",0,63921,1,0,24,54,"2013-10-25 10:17:14",63.921,0
"436",588,1976,"270702","mth22601","gender","f","attempt",NA,NA,NA,24,"diffColor",0,50309,1,1,24,54,"2013-10-25 10:17:14",50.309,0
"437",589,1973,"2262","mth22601","gender","f","attempt",NA,NA,NA,24,"diffColor",0,49942,1,0,24,54,"2013-10-25 10:17:13",49.942,0
"438",590,1974,"student","mth22601","gender","m","attempt",NA,NA,NA,24,"diffColor",0,51030,1,3,24,54,"2013-10-25 10:17:13",51.03,1
"439",592,1971,"Student1","mth22601","gender","f","attempt",NA,NA,NA,24,"diffColor",0,47568,1,2,24,54,"2013-10-25 10:17:08",47.568,0
"440",593,1970,"sbm0612","mth22601","gender","f","attempt",NA,NA,NA,24,"diffColor",0,44793,1,1,24,54,"2013-10-25 10:17:07",44.793,0
"441",594,1969,"2790","mth22601","Gender","f","Attempt",NA,NA,NA,24,"diffColor",0,49633,1,0,24,54,"2013-10-25 10:17:02",49.633,0
"442",595,1968,"JL","mth22601","gender","m","attempt",NA,NA,NA,24,"diffColor",0,46044,1,0,24,54,"2013-10-25 10:16:58",46.044,1
"443",596,1967,"Stats10","mth22601","Gender","M","Attempt",NA,NA,NA,24,"diffColor",0,65936,1,0,24,54,"2013-10-25 10:16:06",65.936,1
"444",597,1966,"me","mth22601","gender","f","attempt",NA,NA,NA,24,"diffColor",0,93944,1,2,24,54,"2013-10-25 10:15:38",93.944,0
"445",598,1964,"AR","mth22601","gender","f","attempt",NA,NA,NA,24,"diffColor",0,57051,1,1,24,54,"2013-10-25 10:15:12",57.051,0
"446",599,1965,"student277","mth22601","gender","f","attempt",NA,NA,NA,24,"diffColor",0,70363,1,1,24,54,"2013-10-25 10:15:12",70.363,0
"447",600,1963,"student","mth22601","gender","f","attempt",NA,NA,NA,24,"diffColor",0,55552,1,0,24,54,"2013-10-25 10:15:05",55.552,0
"448",601,1962,"student","mth22601","gender","f","attempt",NA,NA,NA,24,"diffColor",0,54994,1,0,24,54,"2013-10-25 10:15:00",54.994,0
"449",603,1960,"EdNigma","mth22601","gender","m","attempt",NA,NA,NA,24,"diffColor",0,50699,1,0,24,54,"2013-10-25 10:14:49",50.699,1
"450",604,1959,"Student2","mth22601","gender","f","attempt",NA,NA,NA,24,"diffColor",0,69900,1,0,24,54,"2013-10-25 10:14:46",69.9,0
"451",605,1958,"Student1","mth22601","gender","f","attempt",NA,NA,NA,24,"diffColor",0,65187,1,3,24,54,"2013-10-25 10:14:45",65.187,0
"452",606,1957,"264142","mth22601","gender","f","attempt",NA,NA,NA,24,"diffColor",0,64409,1,1,24,54,"2013-10-25 10:14:43",64.409,0
"453",607,1956,"Stats10","mth22601","Gender","M","Attempt",NA,NA,NA,24,"diffColor",0,81759,1,1,24,54,"2013-10-25 10:14:42",81.759,1
"454",608,1955,"abc123","mth22601","gender","m","attempt",NA,NA,NA,24,"diffColor",0,59885,1,0,24,54,"2013-10-25 10:14:34",59.885,1
"455",610,1953,"JL","mth22601","gender","m","attempt",NA,NA,NA,24,"diffColor",0,51370,1,0,24,54,"2013-10-25 10:14:30",51.37,1
"456",611,1952,"270702","mth22601","gender","f","attempt",NA,NA,NA,24,"diffColor",0,47831,1,0,24,54,"2013-10-25 10:14:29",47.831,0
"457",612,1951,"sbm0612","mth22601","gender","f","attempt",NA,NA,NA,24,"diffColor",0,64727,1,0,24,54,"2013-10-25 10:14:22",64.727,0
"458",613,1950,"2262","mth22601","gender","f","attempt",NA,NA,NA,24,"diffColor",0,48960,1,0,24,54,"2013-10-25 10:14:13",48.96,0
"459",614,1949,"student","mth22601","gender","m","attempt",NA,NA,NA,24,"diffColor",0,46640,1,0,24,54,"2013-10-25 10:14:04",46.64,1
"460",615,1948,"123456789
71811","mth22601","gender","f","attempt",NA,NA,NA,24,"diffColor",0,56766,1,0,24,54,"2013-10-25 10:13:24",56.766,0
"461",616,1947,"2790","mth22601","Gender","f","Attempt",NA,NA,NA,24,"diffColor",0,76020,1,3,24,54,"2013-10-25 10:13:16",76.02,0
"462",862,809,"getmoney","psych3700","Gender","M",NA,NA,NA,NA,21,"diffColor",0,50037,1,1,21,54,"2013-03-13 10:57:27",50.037,1
"463",863,808,"getmoney","psych3700","Gender","M",NA,NA,NA,NA,21,"shape",0,50617,1,2,21,54,"2013-03-13 10:56:26",50.617,1
"464",864,807,"BunniesRCute","psych3700","Gender","F",NA,NA,NA,NA,21,"diffColor",0,49917,1,0,21,54,"2013-03-13 10:56:21",49.917,0
"465",865,806,"ksb","psych3700","Gender","F",NA,NA,NA,NA,21,"diffColor",0,40908,1,1,21,54,"2013-03-13 10:56:16",40.908,0
"466",866,805,"87925","psych3700","Gender","F",NA,NA,NA,NA,21,"shape",0,44430,1,0,21,54,"2013-03-13 10:56:02",44.43,0
"467",867,804,"021","psych3700","Gender","F",NA,NA,NA,NA,21,"diffColor",0,50330,1,0,21,54,"2013-03-13 10:56:00",50.33,0
"468",868,803,"Alaina","psych3700","Gender","F",NA,NA,NA,NA,21,"diffColor",0,44241,1,2,21,54,"2013-03-13 10:55:59",44.241,0
"469",869,802,"231231","psych3700","Gender","M",NA,NA,NA,NA,21,"shape",0,43628,1,0,21,54,"2013-03-13 10:55:58",43.628,1
"470",871,799,"unicorns","psych3700","Gender","F",NA,NA,NA,NA,21,"diffColor",0,43887,1,0,21,54,"2013-03-13 10:55:50",43.887,0
"471",873,798,"089","psych3700","gender","m",NA,NA,NA,NA,21,"diffColor",0,34709,1,0,21,54,"2013-03-13 10:55:39",34.709,1
"472",874,797,"getmoney","psych3700","Gender","M",NA,NA,NA,NA,21,"shape",0,60467,1,0,21,54,"2013-03-13 10:55:22",60.467,1
"473",875,796,"ksb","psych3700","Gender","F",NA,NA,NA,NA,21,"shape",0,44438,1,2,21,54,"2013-03-13 10:55:18",44.438,0
"474",876,795,"BunniesRCute","psych3700","Gender","F",NA,NA,NA,NA,21,"shape",0,64227,1,4,21,54,"2013-03-13 10:55:16",64.227,0
"475",877,794,"87925","psych3700","Gender","F",NA,NA,NA,NA,21,"diffColor",0,55258,1,0,21,54,"2013-03-13 10:55:08",55.258,0
"476",878,793,"231231","psych3700","Gender","M",NA,NA,NA,NA,21,"diffColor",0,45227,1,1,21,54,"2013-03-13 10:55:06",45.227,1
"477",880,790,"Alaina","psych3700","Gender","F",NA,NA,NA,NA,21,"shape",0,42974,1,0,21,54,"2013-03-13 10:55:01",42.974,0
"478",881,791,"021","psych3700","Gender","F",NA,NA,NA,NA,21,"shape",0,52291,1,2,21,54,"2013-03-13 10:55:01",52.291,0
"479",882,789,"unicorns","psych3700","Gender","F",NA,NA,NA,NA,21,"shape",0,40227,1,3,21,54,"2013-03-13 10:54:54",40.227,0
"480",884,787,"089","psych3700","gender","m",NA,NA,NA,NA,21,"shape",0,36378,1,0,21,54,"2013-03-13 10:54:51",36.378,1
"481",121,14509,"Ruth","USCOTS15","Gender","F","Major","Math",NA,NA,24,"diffColor",0,69419,1,0,24,54,"2015-05-30 12:15:37",69.419,0
"482",122,14508,"teacher2","USCOTS15","Gender","F","Major","MAthSTat",NA,NA,24,"diffColor",0,62175,1,2,24,54,"2015-05-30 12:15:34",62.175,0
"483",124,14502,"affiliate","USCOTS15","Gender","M","Major","Math",NA,NA,24,"diffColor",0,66286,1,2,24,54,"2015-05-30 12:14:18",66.286,1
"484",125,14496,"student","USCOTS15","GENDER","M","MAJOR","math",NA,NA,15,"diffColor",0,47335,1,0,15,54,"2015-05-30 12:14:02",47.335,1
"485",127,14458,"Gene","USCOTS15","Gender","Male","Major","Math",NA,NA,15,"both",0,50483,1,0,15,54,"2015-05-30 12:13:17",50.483,1
"486",128,14457,"Zaria","USCOTS15","Gender","M","Major","Math",NA,NA,15,"shape",0,63122,1,0,15,54,"2015-05-30 12:13:10",63.122,1
"487",129,14455,"student","USCOTS15","GENDER","M","MAJOR","math",NA,NA,15,"shape",0,54763,1,0,15,54,"2015-05-30 12:12:57",54.763,1
"488",130,14454,"millsm","USCOTS15","Gender","M","Major","Math",NA,NA,15,"both",0,53149,1,0,15,54,"2015-05-30 12:12:48",53.149,1
"489",131,14453,"RAA","USCOTS15","Gender","F","Major","Stats",NA,NA,15,"shape",0,41498,1,0,15,54,"2015-05-30 12:12:47",41.498,0
"490",132,14452,"abq","USCOTS15","Gender","M","Major","math",NA,NA,15,"diffColor",0,39474,1,2,15,54,"2015-05-30 12:12:45",39.474,1
"491",133,14450,"batman","USCOTS15","Gender","Female","Major","Spanish",NA,NA,15,"both",0,23106,1,0,15,54,"2015-05-30 12:12:44",23.106,0
"492",135,14449,"fractal","USCOTS15","Gender","F","Major","Math",NA,NA,24,"shape",0,60111,1,1,24,54,"2015-05-30 12:12:40",60.111,0
"493",136,14448,"teacher2","USCOTS15","Gender","F","Major","MathStat",NA,NA,15,"both",0,29225,1,0,15,54,"2015-05-30 12:12:35",29.225,0
"494",137,14444,"rsha","USCOTS15","Gender","F","Major","physics",NA,NA,15,"both",0,30139,1,0,15,54,"2015-05-30 12:12:34",30.139,0
"495",138,14445,"Amy","USCOTS15","Gender","F","Major","Math",NA,NA,15,"both",0,38935,1,0,15,54,"2015-05-30 12:12:34",38.935,0
"496",139,14446,"teacherch","USCOTS15","Gender","F","Major","MathEd",NA,NA,15,"both",0,32860,1,0,15,54,"2015-05-30 12:12:34",32.86,0
"497",140,14447,"Teacher","USCOTS15","Gender","F","Major","STAT",NA,NA,15,"both",0,37076,1,0,15,54,"2015-05-30 12:12:34",37.076,0
"498",141,14442,"carol","USCOTS15","Gender","F","Major","math",NA,NA,15,"both",0,36915,1,0,15,54,"2015-05-30 12:12:33",36.915,0
"499",142,14443,"mcluvin","USCOTS15","Gender","Male","Major","Math",NA,NA,15,"both",0,35693,1,1,15,54,"2015-05-30 12:12:33",35.693,1
"500",144,14439,"zowie","USCOTS15","gender","f","major","math",NA,NA,15,"both",0,36280,1,0,15,54,"2015-05-30 12:12:30",36.28,0
"501",145,14437,"me","USCOTS15","Gender","F","","",NA,NA,15,"both",0,33767,1,0,15,54,"2015-05-30 12:12:29",33.767,0
"502",146,14438,"Student321","USCOTS15","Gender","M","Major","Engineering",NA,NA,15,"both",0,28158,1,0,15,54,"2015-05-30 12:12:29",28.158,1
"503",147,14436,"Ruth","USCOTS15","Gender","F","Major","Math",NA,NA,15,"both",0,23996,1,0,15,54,"2015-05-30 12:12:27",23.996,0
"504",148,14435,"Coloradoan","USCOTS15","Gender","M","Major","Econ",NA,NA,15,"both",0,37747,1,0,15,54,"2015-05-30 12:12:26",37.747,1
"505",149,14432,"JustMe","USCOTS15","Gender","Female","Major","Economics",NA,NA,15,"both",0,25674,1,0,15,54,"2015-05-30 12:12:25",25.674,0
"506",150,14433,"teacherMAN","USCOTS15","Gender","M","Major","Marketin",NA,NA,15,"both",0,23373,1,0,15,54,"2015-05-30 12:12:25",23.373,1
"507",151,14434,"lisa","USCOTS15","Gender","F","Major","CPMA",NA,NA,15,"both",0,29451,1,0,15,54,"2015-05-30 12:12:25",29.451,0
"508",152,14429,"bjs","USCOTS15","Gender","M","Major","IE",NA,NA,15,"both",0,20389,1,0,15,54,"2015-05-30 12:12:24",20.389,1
"509",154,14431,"DustinROX","USCOTS15","Gender","M","Major","Stats",NA,NA,15,"both",0,20488,1,0,15,54,"2015-05-30 12:12:24",20.488,1
"510",155,14428,"Nellie","USCOTS15","Gender","f","major","math",NA,NA,15,"both",0,26790,1,0,15,54,"2015-05-30 12:12:23",26.79,0
"511",156,14426,"teacher","USCOTS15","Gender","F","Major","MAth",NA,NA,15,"both",0,27996,1,0,15,54,"2015-05-30 12:12:22",27.996,0
"512",157,14427,"ISUgrads","USCOTS15","Gender","M","Major","math",NA,NA,15,"both",0,24071,1,0,15,54,"2015-05-30 12:12:22",24.071,1
"513",158,14424,"teddy
4toSCup","USCOTS15","Gender","Male","Major","Economics",NA,NA,15,"both",0,24963,1,0,15,54,"2015-05-30 12:12:21",24.963,1
"514",159,14425,"me","USCOTS15","Gender","MALE","Major","MATH",NA,NA,15,"both",0,25723,1,0,15,54,"2015-05-30 12:12:21",25.723,1
"515",160,14423,"lu723","USCOTS15","Gender","M","Major","MathStat",NA,NA,15,"both",0,23552,1,0,15,54,"2015-05-30 12:12:18",23.552,1
"516",161,14422,"BH","USCOTS15","Gender","F","Major","Math",NA,NA,15,"both",0,25934,1,0,15,54,"2015-05-30 12:12:08",25.934,0
